t,subscribers,total_views,video_count
2026-10-01T04:41:52Z,40900,19312151,651
2026-10-01T05:00:29Z,40900,19312151,651
2026-10-01T06:00:32Z,40900,19312151,651
2026-10-01T07:00:32Z,40900,19333309,651
2026-10-01T08:00:32Z,40900,19333309,651
2026-10-01T09:00:31Z,40900,19333309,651
2026-10-01T10:00:31Z,40900,19333309,651
2026-10-01T11:00:39Z,40900,19333309,651
2026-10-01T12:00:33Z,40900,19333309,651
2026-10-01T13:00:34Z,40900,19333309,651
2026-10-01T14:00:34Z,40900,19333309,651
2026-10-01T15:00:36Z,40900,19333309,651
2026-10-01T17:00:37Z,40900,19333309,651
2026-10-01T18:00:36Z,40900,19347873,651
2026-10-01T19:00:34Z,40900,19347873,651
2026-10-01T20:00:33Z,40900,19347873,651
2026-10-01T21:01:08Z,40900,19347873,651
2026-10-01T22:00:30Z,40900,19347873,651
2026-10-01T23:00:31Z,40900,19347873,651
2026-10-02T00:00:30Z,40900,19347873,651
2026-10-02T01:00:31Z,40900,19347873,651
2026-10-02T02:00:28Z,40900,19347873,651
2026-10-02T03:00:32Z,40900,19347873,651
2026-10-02T04:00:29Z,40900,19347873,651
2026-10-02T05:00:29Z,40900,19347873,651
2026-10-02T06:00:29Z,40900,19347873,651
2026-10-02T07:00:32Z,40900,19361130,651
2026-10-02T08:00:29Z,40900,19361130,651
2026-10-02T09:00:29Z,40900,19361130,651
2026-10-02T10:00:30Z,40900,19361130,651
2026-10-02T11:00:30Z,40900,19361130,651
2026-10-02T12:00:32Z,40900,19361130,651
2026-10-02T13:00:33Z,40900,19361130,651
2026-10-02T14:00:33Z,40900,19361130,651
2026-10-02T15:00:36Z,41000,19361130,651
2026-10-02T17:00:34Z,41000,19361130,651
2026-10-02T18:00:34Z,41000,19372461,651
2026-10-02T19:00:33Z,41000,19372461,651
2026-10-02T20:00:31Z,41000,19372461,651
2026-10-02T21:00:31Z,41000,19372461,651
2026-10-02T22:00:30Z,41000,19372461,651
2026-10-02T23:01:05Z,41000,19372461,651
2026-10-03T00:00:29Z,41000,19372461,651
2026-10-03T01:00:29Z,41000,19372461,651
2026-10-03T02:00:28Z,41000,19372461,651
2026-10-03T03:00:30Z,41000,19372461,651
2026-10-03T04:00:29Z,41000,19372461,651
2026-10-03T05:00:29Z,41000,19384123,651
2026-10-03T06:00:31Z,41000,19384123,651
2026-10-03T07:00:30Z,41000,19384123,651
2026-10-03T08:00:28Z,41000,19384123,651
2026-10-03T09:00:29Z,41000,19384123,651
2026-10-03T10:00:29Z,41000,19384123,651
2026-10-03T11:00:31Z,41000,19384123,651
2026-10-03T12:00:32Z,41000,19384123,651
2026-10-03T13:00:30Z,41000,19384123,651
2026-10-03T14:00:28Z,41000,19384123,651
2026-10-03T15:00:30Z,41000,19384123,651
2026-10-03T17:00:32Z,41000,19396194,651
2026-10-03T18:00:36Z,41000,19396194,651
2026-10-03T19:00:32Z,41000,19396194,651
2026-10-03T20:00:32Z,41000,19396194,651
2026-10-03T21:00:31Z,41000,19396194,651
2026-10-03T22:00:29Z,41000,19396194,651
2026-10-03T23:00:28Z,41000,19396194,651
2026-10-04T00:00:29Z,41000,19396194,651
2026-10-04T01:00:31Z,41000,19396194,651
2026-10-04T02:00:28Z,41000,19396194,651
2026-10-04T03:00:31Z,41000,19396194,651
2026-10-04T04:00:29Z,41000,19406179,651
2026-10-04T05:00:29Z,41000,19406179,651
2026-10-04T06:00:28Z,41000,19406179,651
2026-10-04T07:00:29Z,41000,19406179,651
2026-10-04T08:00:27Z,41000,19406179,651
2026-10-04T09:00:30Z,41000,19406179,651
2026-10-04T10:01:04Z,41000,19406179,651
2026-10-04T11:00:29Z,41000,19406179,651
2026-10-04T12:00:33Z,41000,19406179,651
2026-10-04T13:00:28Z,41000,19406179,651
2026-10-04T14:00:30Z,41000,19406179,651
2026-10-04T15:00:33Z,41000,19406179,651
2026-10-04T17:00:31Z,41000,19415917,651
2026-10-04T18:00:31Z,41000,19415917,651
2026-10-04T19:00:32Z,41000,19415917,651
2026-10-04T20:00:32Z,41000,19415917,651
2026-10-04T21:00:33Z,41000,19415917,651
2026-10-04T22:00:31Z,41000,19415917,651
2026-10-04T23:00:32Z,41000,19415917,651
2026-10-05T00:00:32Z,41000,19415917,651
2026-10-05T01:00:31Z,41000,19415917,651
2026-10-05T02:00:30Z,41000,19415917,651
2026-10-05T03:00:32Z,41000,19415917,651
2026-10-05T04:00:33Z,41000,19428257,651
