t,views,likes,comments
2026-10-01T04:41:52Z,26065,682,35
2026-10-01T15:00:36Z,26067,682,35
2026-10-02T03:00:32Z,26067,682,35
2026-10-02T15:00:36Z,26067,682,35
2026-10-03T03:00:30Z,26067,682,35
2026-10-03T15:00:30Z,26067,682,35
2026-10-04T03:00:31Z,26067,682,35
2026-10-04T15:00:33Z,26067,682,35
2026-10-05T03:00:32Z,26067,682,35
2026-10-05T15:00:33Z,26068,682,35
2026-10-06T03:00:33Z,26068,682,35
2026-10-06T15:00:35Z,26068,682,35
2026-10-07T03:00:30Z,26071,682,35
2026-10-07T15:00:34Z,26071,682,35
2026-10-08T03:00:33Z,26071,682,35
